legacy_file,module,status,new_location,notes
legacy_scripts/analysis/feature_importance.py,feature_importance.py,PENDING,,
legacy_scripts/analysis/leaderboard.py,leaderboard.py,PENDING,,
legacy_scripts/analysis/prediction_analysis.py,prediction_analysis.py,PENDING,,
legacy_scripts/analysis/shap_importance.py,shap_importance.py,PENDING,,
legacy_scripts/analysis/shap_pruning.py,shap_pruning.py,PENDING,,
legacy_scripts/analysis/shap_walkforward.py,shap_walkforward.py,PENDING,,
legacy_scripts/analysis/topn_sweep.py,topn_sweep.py,PENDING,,
legacy_scripts/backtesting/blacklist_test.py,blacklist_test.py,PENDING,,
legacy_scripts/backtesting/build_ensemble.py,build_ensemble.py,PENDING,,
legacy_scripts/backtesting/catboost_decile_test.py,catboost_decile_test.py,PENDING,,
legacy_scripts/backtesting/catboost_decile_test_v10.py,catboost_decile_test_v10.py,PENDING,,
legacy_scripts/backtesting/catboost_ic.py,catboost_ic.py,PENDING,,
legacy_scripts/backtesting/catboost_ic_v10.py,catboost_ic_v10.py,PENDING,,
legacy_scripts/backtesting/cost_stress_100bps.py,cost_stress_100bps.py,PENDING,,
legacy_scripts/backtesting/cost_stress_50bps.py,cost_stress_50bps.py,PENDING,,
legacy_scripts/backtesting/cost_stress_test.py,cost_stress_test.py,PENDING,,
legacy_scripts/backtesting/ensemble_builder_v1.py,ensemble_builder_v1.py,PENDING,,
legacy_scripts/backtesting/ensemble_builder_v2.py,ensemble_builder_v2.py,PENDING,,
legacy_scripts/backtesting/ensemble_builder_v3.py,ensemble_builder_v3.py,PENDING,,
legacy_scripts/backtesting/ensemble_decile_test.py,ensemble_decile_test.py,PENDING,,
legacy_scripts/backtesting/ensemble_decile_v1.py,ensemble_decile_v1.py,PENDING,,
legacy_scripts/backtesting/ensemble_ic.py,ensemble_ic.py,PENDING,,
legacy_scripts/backtesting/ensemble_ic_v1.py,ensemble_ic_v1.py,PENDING,,
legacy_scripts/backtesting/ensemble_long_short_v1.py,ensemble_long_short_v1.py,PENDING,,
legacy_scripts/backtesting/ensemble_portfolio_v1.py,ensemble_portfolio_v1.py,PENDING,,
legacy_scripts/backtesting/ensemble_portfolio_vol_v1.py,ensemble_portfolio_vol_v1.py,PENDING,,
legacy_scripts/backtesting/ensemble_weight_sweep.py,ensemble_weight_sweep.py,PENDING,,
legacy_scripts/backtesting/evaluate_walkforward.py,evaluate_walkforward.py,PENDING,,
legacy_scripts/backtesting/ic_analysis.py,ic_analysis.py,PENDING,,
legacy_scripts/backtesting/lightgbm_optuna_search.py,lightgbm_optuna_search.py,PENDING,,
legacy_scripts/backtesting/liquidity_filter_sweep.py,liquidity_filter_sweep.py,PENDING,,
legacy_scripts/backtesting/long_short_backtest.py,long_short_backtest.py,PENDING,,
legacy_scripts/backtesting/long_short_backtest_v1.py,long_short_backtest_v1.py,PENDING,,
legacy_scripts/backtesting/long_short_backtest_v2.py,long_short_backtest_v2.py,PENDING,,
legacy_scripts/backtesting/long_short_backtest_v3.py,long_short_backtest_v3.py,PENDING,,
legacy_scripts/backtesting/long_short_trend_filter.py,long_short_trend_filter.py,PENDING,,
legacy_scripts/backtesting/monthly_walkforward_catboost.py,monthly_walkforward_catboost.py,PENDING,,
legacy_scripts/backtesting/monthly_walkforward_catboost_v10.py,monthly_walkforward_catboost_v10.py,PENDING,,
legacy_scripts/backtesting/monthly_walkforward_catboost_v13.py,monthly_walkforward_catboost_v13.py,PENDING,,
legacy_scripts/backtesting/monthly_walkforward_ranker_v1.py,monthly_walkforward_ranker_v1.py,PENDING,,
legacy_scripts/backtesting/monthly_walkforward_ranker_v2.py,monthly_walkforward_ranker_v2.py,PENDING,,
legacy_scripts/backtesting/monthly_walkforward_regression.py,monthly_walkforward_regression.py,PENDING,,
legacy_scripts/backtesting/monthly_walkforward_regression_v10.py,monthly_walkforward_regression_v10.py,PENDING,,
legacy_scripts/backtesting/monthly_walkforward_regression_v11.py,monthly_walkforward_regression_v11.py,PENDING,,
legacy_scripts/backtesting/monthly_walkforward_regression_v12.py,monthly_walkforward_regression_v12.py,PENDING,,
legacy_scripts/backtesting/monthly_walkforward_regression_v13.py,monthly_walkforward_regression_v13.py,PENDING,,
legacy_scripts/backtesting/monthly_walkforward_regression_v14.py,monthly_walkforward_regression_v14.py,PENDING,,
legacy_scripts/backtesting/monthly_walkforward_regression_v15.py,monthly_walkforward_regression_v15.py,PENDING,,
legacy_scripts/backtesting/monthly_walkforward_regression_v16.py,monthly_walkforward_regression_v16.py,PENDING,,
legacy_scripts/backtesting/monthly_walkforward_regression_v17.py,monthly_walkforward_regression_v17.py,PENDING,,
legacy_scripts/backtesting/monthly_walkforward_regression_v4.py,monthly_walkforward_regression_v4.py,PENDING,,
legacy_scripts/backtesting/monthly_walkforward_regression_v7.py,monthly_walkforward_regression_v7.py,PENDING,,
legacy_scripts/backtesting/monthly_walkforward_regression_v8.py,monthly_walkforward_regression_v8.py,PENDING,,
legacy_scripts/backtesting/monthly_walkforward_regression_v9.py,monthly_walkforward_regression_v9.py,PENDING,,
legacy_scripts/backtesting/monthly_walkforward_retrain.py,monthly_walkforward_retrain.py,PENDING,,
legacy_scripts/backtesting/monthly_walkforward_retrain_backup.py,monthly_walkforward_retrain_backup.py,PENDING,,
legacy_scripts/backtesting/portfolio_backtest.py,portfolio_backtest.py,PENDING,,
legacy_scripts/backtesting/portfolio_backtest_catboost.py,portfolio_backtest_catboost.py,PENDING,,
legacy_scripts/backtesting/portfolio_backtest_catboost_v10.py,portfolio_backtest_catboost_v10.py,PENDING,,
legacy_scripts/backtesting/portfolio_backtest_catboost_v10_equal.py,portfolio_backtest_catboost_v10_equal.py,PENDING,,
legacy_scripts/backtesting/portfolio_backtest_ensemble.py,portfolio_backtest_ensemble.py,PENDING,,
legacy_scripts/backtesting/portfolio_backtest_ensemble_v3.py,portfolio_backtest_ensemble_v3.py,PENDING,,
legacy_scripts/backtesting/portfolio_backtest_regression.py,portfolio_backtest_regression.py,PENDING,,
legacy_scripts/backtesting/portfolio_backtest_v10.py,portfolio_backtest_v10.py,PENDING,,
legacy_scripts/backtesting/portfolio_backtest_v12.py,portfolio_backtest_v12.py,PENDING,,
legacy_scripts/backtesting/portfolio_backtest_v13.py,portfolio_backtest_v13.py,PENDING,,
legacy_scripts/backtesting/portfolio_backtest_v14.py,portfolio_backtest_v14.py,PENDING,,
legacy_scripts/backtesting/portfolio_backtest_v15.py,portfolio_backtest_v15.py,PENDING,,
legacy_scripts/backtesting/portfolio_backtest_v2.py,portfolio_backtest_v2.py,PENDING,,
legacy_scripts/backtesting/portfolio_backtest_v7.py,portfolio_backtest_v7.py,PENDING,,
legacy_scripts/backtesting/portfolio_backtest_v8.py,portfolio_backtest_v8.py,PENDING,,
legacy_scripts/backtesting/portfolio_backtest_v9.py,portfolio_backtest_v9.py,PENDING,,
legacy_scripts/backtesting/portfolio_backtest_volweighted.py,portfolio_backtest_volweighted.py,PENDING,,
legacy_scripts/backtesting/portfolio_diagnostics.py,portfolio_diagnostics.py,PENDING,,
legacy_scripts/backtesting/price_filter_sweep.py,price_filter_sweep.py,PENDING,,
legacy_scripts/backtesting/ranker_decile_test_v1.py,ranker_decile_test_v1.py,PENDING,,
legacy_scripts/backtesting/ranker_ic_v1.py,ranker_ic_v1.py,PENDING,,
legacy_scripts/backtesting/ranker_portfolio_v1.py,ranker_portfolio_v1.py,PENDING,,
legacy_scripts/backtesting/regime_analysis.py,regime_analysis.py,PENDING,,
legacy_scripts/backtesting/regime_switch_portfolio.py,regime_switch_portfolio.py,PENDING,,
legacy_scripts/backtesting/regression_decile_test.py,regression_decile_test.py,PENDING,,
legacy_scripts/backtesting/regression_decile_test_v10.py,regression_decile_test_v10.py,PENDING,,
legacy_scripts/backtesting/regression_decile_test_v12.py,regression_decile_test_v12.py,PENDING,,
legacy_scripts/backtesting/regression_decile_test_v13.py,regression_decile_test_v13.py,PENDING,,
legacy_scripts/backtesting/regression_decile_test_v14.py,regression_decile_test_v14.py,PENDING,,
legacy_scripts/backtesting/regression_decile_test_v4.py,regression_decile_test_v4.py,PENDING,,
legacy_scripts/backtesting/regression_decile_test_v7.py,regression_decile_test_v7.py,PENDING,,
legacy_scripts/backtesting/regression_decile_test_v8.py,regression_decile_test_v8.py,PENDING,,
legacy_scripts/backtesting/regression_decile_test_v9.py,regression_decile_test_v9.py,PENDING,,
legacy_scripts/backtesting/regression_ic.py,regression_ic.py,PENDING,,
legacy_scripts/backtesting/regression_ic_v10.py,regression_ic_v10.py,PENDING,,
legacy_scripts/backtesting/regression_ic_v12.py,regression_ic_v12.py,PENDING,,
legacy_scripts/backtesting/regression_ic_v13.py,regression_ic_v13.py,PENDING,,
legacy_scripts/backtesting/regression_ic_v14.py,regression_ic_v14.py,PENDING,,
legacy_scripts/backtesting/regression_ic_v4.py,regression_ic_v4.py,PENDING,,
legacy_scripts/backtesting/regression_ic_v7.py,regression_ic_v7.py,PENDING,,
legacy_scripts/backtesting/regression_ic_v8.py,regression_ic_v8.py,PENDING,,
legacy_scripts/backtesting/regression_ic_v9.py,regression_ic_v9.py,PENDING,,
legacy_scripts/backtesting/regression_topn_sweep.py,regression_topn_sweep.py,PENDING,,
legacy_scripts/backtesting/robustness_test.py,robustness_test.py,PENDING,,
legacy_scripts/backtesting/shap_feature_importance.py,shap_feature_importance.py,PENDING,,
legacy_scripts/backtesting/stacking_builder_v1.py,stacking_builder_v1.py,PENDING,,
legacy_scripts/backtesting/stock_contribution_analysis.py,stock_contribution_analysis.py,PENDING,,
legacy_scripts/backtesting/top15_portfolio.py,top15_portfolio.py,PENDING,,
legacy_scripts/backtesting/top5_portfolio.py,top5_portfolio.py,PENDING,,
legacy_scripts/backtesting/top_decile_clipped.py,top_decile_clipped.py,PENDING,,
legacy_scripts/backtesting/top_decile_test.py,top_decile_test.py,PENDING,,
legacy_scripts/backtesting/topn_sensitivity_v1.py,topn_sensitivity_v1.py,PENDING,,
legacy_scripts/backtesting/topn_sweep_v8.py,topn_sweep_v8.py,PENDING,,
legacy_scripts/backtesting/yearly_analysis.py,yearly_analysis.py,PENDING,,
legacy_scripts/backtesting/yearly_ic_analysis_v1.py,yearly_ic_analysis_v1.py,PENDING,,
legacy_scripts/experiments/holding_period_sweep.py,holding_period_sweep.py,PENDING,,
legacy_scripts/experiments/model_comparison.py,model_comparison.py,PENDING,,
legacy_scripts/experiments/topn_sweep.py,topn_sweep.py,PENDING,,
legacy_scripts/experiments/transaction_cost_sweep.py,transaction_cost_sweep.py,PENDING,,
legacy_scripts/experiments/v14_vs_v15.py,v14_vs_v15.py,PENDING,,
